[
  {
    "url": "https://i.pinimg.com/736x/c0/66/78/c066789311c873ac7a164d656d5911ae.jpg",
    "title": "Ja ja ja ja",
    "displayTime": 6000,
    "isVideo": false
  },
  {
    "url": "https://i.imgur.com/gGd7ATB.mp4",
    "title": "",
    "displayTime": 0,
    "isVideo": true
  },
  {
    "url": "images/horsehead_nebula.jpg",
    "title": "Horse Head Nebula",
    "displayTime": 5000,
    "isVideo": false
  },
  {
    "url": "videos/catdance.mp4",
    "title": "",
    "displayTime": 0,
    "isVideo": true
  },
  {
    "url": "images/carina_nebula.jpg",
    "title": "Carina Nebula",
    "displayTime": 5000,
    "isVideo": false
  },
  {
    "url": "images/milkway.jpg",
    "title": "Milky Way",
    "displayTime": 5000,
    "isVideo": false
  }
]